ID,Name,No_episode,Status,Species
1,Rick Sanchez,51,Alive,Human
2,Morty Smith,51,Alive,Human
3,Summer Smith,42,Alive,Human
4,Beth Smith,42,Alive,Human
5,Jerry Smith,39,Alive,Human
6,Abadango Cluster Princess,1,Alive,Alien
7,Abradolf Lincler,2,unknown,Human
8,Adjudicator Rick,1,Dead,Human
9,Agency Director,1,Dead,Human
10,Alan Rails,1,Dead,Human
11,Albert Einstein,1,Dead,Human
12,Alexander,1,Dead,Human
13,Alien Googah,1,unknown,Alien
14,Alien Morty,1,unknown,Alien
15,Alien Rick,1,unknown,Alien
16,Amish Cyborg,1,Dead,Alien
17,Annie,1,Alive,Human
18,Antenna Morty,2,Alive,Human
19,Antenna Rick,1,unknown,Human
20,Ants in my Eyes Johnson,1,unknown,Human
21,Aqua Morty,2,unknown,Humanoid
22,Aqua Rick,3,unknown,Humanoid
23,Arcade Alien,5,unknown,Alien
24,Armagheadon,1,Alive,Alien
25,Armothy,1,Dead,unknown
26,Arthricia,1,Alive,Alien
27,Artist Morty,2,Alive,Human
28,Attila Starwar,3,Alive,Human
29,Baby Legs,1,Alive,Human
30,Baby Poopybutthole,1,Alive,Poopybutthole
31,Baby Wizard,1,Dead,Alien
32,Bearded Lady,1,Dead,Alien
33,Beebo,1,Dead,Alien
34,Benjamin,3,Alive,Poopybutthole
35,Bepisian,4,Alive,Alien
36,Beta-Seven,1,Alive,Alien
37,Beth Sanchez,1,Alive,Human
38,Beth Smith,8,Alive,Human
39,Beth Smith,1,Alive,Human
40,Beth's Mytholog,1,Dead,Mythological Creature
41,Big Boobed Waitress,1,Alive,Mythological Creature
42,Big Head Morty,1,unknown,Human
43,Big Morty,1,Dead,Human
44,Body Guard Morty,1,Dead,Human
45,Bill,1,Alive,Human
46,Bill,1,unknown,Animal
47,Birdperson,7,Alive,Alien
48,Black Rick,2,Alive,Human
49,Blamph,1,Alive,Alien
50,Blim Blam,1,Alive,Alien
51,Blue Diplomat,1,Alive,Alien
52,Blue Footprint Guy,1,Dead,Human
53,Blue Shirt Morty,1,unknown,Human
54,Bobby Moynihan,1,Alive,Human
55,Boobloosian,2,Dead,Alien
56,Bootleg Portal Chemist Rick,1,Dead,Human
57,Borpocian,1,Alive,Alien
58,Brad,4,Alive,Human
59,Brad Anderson,1,Dead,Human
60,Calypso,1,Dead,Human
61,Campaign Manager Morty,1,Dead,Human
62,Canklanker Thom,1,Dead,Alien
63,Centaur,1,Alive,Mythological Creature
64,Chris,1,Dead,Alien
65,Chris,1,Alive,Humanoid
66,Coach Feratu (Balik Alistane),1,Dead,Mythological Creature
67,Collector,1,Alive,Alien
68,Colossus,1,Dead,Human
69,Commander Rick,1,Dead,Human
70,Concerto,1,Dead,Humanoid
71,Conroy,1,Dead,Robot
72,Cool Rick,1,Alive,Human
73,Cop Morty,1,Dead,Human
74,Cop Rick,1,Alive,Human
75,Courier Flap,1,Alive,Alien
76,Cousin Nicky,1,Dead,Alien
77,Cowboy Morty,1,Alive,Human
78,Cowboy Rick,2,Alive,Human
79,Crab Spider,1,Alive,Alien
80,Creepy Little Girl,1,Alive,Human
81,Crocubot,1,Dead,Animal
82,Cronenberg Rick,2,unknown,Cronenberg
83,Cronenberg Morty,2,unknown,Cronenberg
84,Cult Leader Morty,1,Alive,Human
85,Cyclops Morty,2,Alive,Humanoid
86,Cyclops Rick,3,Dead,Humanoid
87,Cynthia,1,Dead,Alien
88,Cynthia,4,Alive,Human
89,Dale,1,Dead,Mythological Creature
90,Daron Jefferson,1,Alive,Alien
91,David Letterman,1,Alive,Human
92,Davin,2,Dead,Human
93,Diablo Verde,1,Dead,Mythological Creature
94,Diane Sanchez,2,Dead,Human
95,Dipper and Mabel Mortys,1,unknown,Human
96,Tuberculosis,1,Dead,Disease
97,Gonorrhea,1,Dead,Disease
98,Hepatitis A,1,Dead,Disease
99,Hepatitis C,1,Dead,Disease
100,Bubonic Plague,1,Dead,Disease
101,E. Coli,1,Dead,Disease
102,Donna Gueterman,1,Dead,Robot
103,Doofus Rick,2,unknown,Human
104,Doom-Nomitron,1,Dead,Alien
105,Dr. Glip-Glop,1,Dead,Alien
106,Dr. Schmidt,1,unknown,Human
107,Dr. Wong,2,Alive,Human
108,Dr. Xenon Bloom,1,Dead,Humanoid
109,Duck With Muscles,1,Dead,Alien
110,Eli,1,Alive,Human
111,Eli's Girlfriend,1,Alive,Human
112,Eric McMan,1,Alive,Human
113,Eric Stoltz Mask Morty,1,unknown,Human
114,Ethan,1,unknown,Human
115,Ethan,2,Alive,Human
116,Evil Beth Clone,1,Dead,Human
117,Evil Jerry Clone,1,Dead,Human
118,Evil Morty,3,Alive,Human
119,Evil Rick,1,Dead,Humanoid
120,Evil Summer Clone,1,Dead,Human
121,Eyehole Man,1,Alive,Alien
122,Fart,1,Dead,Alien
123,Fat Morty,1,Alive,Human
124,Father Bob,2,Alive,Human
125,Flansian,3,Alive,Alien
126,Fleeb,1,unknown,Alien
127,Frank Palicky,1,Dead,Human
128,Frankenstein's Monster,1,Dead,Alien
129,Fulgora,3,Alive,Human
130,Galactic Federation President,1,Dead,Alien
131,Gar Gloonch,3,Dead,Alien
132,Gar's Mytholog,1,Dead,Mythological Creature
133,Garblovian,3,Alive,Alien
134,Garmanarnar,1,Alive,Alien
135,Garment District Rick,1,Dead,Human
136,Gazorpazorpfield,2,Alive,Alien
137,Gene,2,Alive,Human
138,General Nathan,1,Dead,Human
139,General Store Owner,1,Dead,Alien
140,Genital Washer,1,Alive,Human
141,Ghost in a Jar,1,Dead,Alien
142,Gibble Snake,1,Dead,Alien
143,Glasses Morty,1,Alive,Human
144,Glenn,1,Dead,Alien
145,Glenn,1,Alive,Human
146,Glexo Slim Slom,1,Alive,Alien
147,Gobo,1,Dead,Alien
148,Goddess Beth,1,unknown,Mythological Creature
149,Gordon Lunas,1,Dead,Human
150,Cornvelious Daniel,1,Dead,Alien
151,Gwendolyn,1,unknown,Robot
152,Hammerhead Morty,2,unknown,Humanoid
153,Hamster In Butt,2,Alive,Animal
154,Hamurai,1,Dead,Alien
155,Harold,1,Alive,Cronenberg
156,Hemorrhage,1,Alive,Human
157,Hole in the Wall Where the Men Can See it All,1,unknown,unknown
158,Hookah Alien,1,Alive,Alien
159,Hunter,1,Dead,Human
160,Hunter's Father,1,Alive,Human
161,Hydrogen-F,1,Alive,Alien
162,Ice-T,1,Alive,Alien
163,Ideal Jerry,1,Dead,Mythological Creature
164,Insurance Rick,1,unknown,Human
165,Investigator Rick,1,Dead,Human
166,Invisi-trooper,1,Alive,Human
167,Izzy,1,Alive,Animal
168,Jackie,1,Alive,Alien
169,Jacob,2,Alive,Human
170,Jacqueline,1,Alive,Human
171,Jaguar,1,Alive,Human
172,Jamey,1,Alive,Human
173,Jan-Michael Vincent,1,Alive,Human
174,Jerry 5-126,1,Alive,Human
175,Jerry Smith,7,Alive,Human
176,Celebrity Jerry,1,Alive,Human
177,Jerry Smith,1,Alive,Human
178,Jerry's Mytholog,1,Dead,Mythological Creature
179,Jessica,3,Alive,Cronenberg
180,Jessica,12,Alive,Human
181,Jessica's Friend,8,Alive,Human
182,Jim,1,Alive,Human
183,Johnny Depp,1,Alive,Human
184,Jon,1,Alive,Alien
185,Joseph Eli Lipkip,1,Alive,Human
186,Joyce Smith,1,Alive,Human
187,Juggling Rick,1,unknown,Human
188,Karen Entity,1,Alive,Alien
189,Katarina,1,Dead,Human
190,Keara,1,Alive,Alien
191,Kevin,1,Dead,Alien
192,King Flippy Nips,1,Alive,Alien
193,King Jellybean,1,Dead,Mythological Creature
194,Kozbian,1,Alive,Alien
195,Kristen Stewart,1,Alive,Human
196,Krombopulos Michael,1,Dead,Alien
197,Kyle,1,Dead,Humanoid
198,Lady Katana,1,Dead,Humanoid
199,Larva Alien,3,Alive,Alien
200,Lawyer Morty,1,unknown,Human
201,Leonard Smith,1,Alive,Human
202,Lighthouse Keeper,1,Dead,Alien
203,Lil B,2,Dead,Alien
204,Lisa,1,Dead,Alien
205,Little Dipper,1,Alive,Humanoid
206,Lizard Morty,1,Alive,Humanoid
207,Loggins,3,Alive,Alien
208,Logic,1,Alive,Human
209,Long Sleeved Morty,1,unknown,Human
210,Lucy,1,Dead,Human
211,Ma-Sha,1,Alive,Alien
212,Magma-Q,1,Dead,Alien
213,Magnesium-J,1,Alive,Alien
214,Man Painted Silver Who Makes Robot Noises,1,Alive,Human
215,Maximums Rickimus,3,Dead,Human
216,MC Haps,3,Alive,Human
217,Mechanical Morty,1,Dead,Robot
218,Mechanical Rick,1,unknown,Robot
219,Mechanical Summer,1,unknown,Robot
220,Mega Fruit Farmer Rick,1,Alive,Human
221,Melissa,1,Alive,Mythological Creature
222,Michael Denny and the Denny Singers,1,Alive,Human
223,Michael Jenkins,1,Dead,Human
224,Michael McLick,1,Alive,Human
225,Michael Thompson,1,Alive,Humanoid
226,Million Ants,1,Dead,Animal
227,Mitch,1,Alive,Human
228,Mohawk Guy,1,Dead,Human
229,Morty Mart Manager Morty,1,Alive,Human
230,Morty Jr.,1,Alive,Humanoid
231,Morty Rick,1,unknown,Human
232,Morty Smith,1,Alive,Human
233,Morty K-22,1,Alive,Human
234,Morty Smith,1,Dead,Human
235,Mortytown Loco,1,Dead,Human
236,Mr. Beauregard,1,Dead,Alien
237,Mr. Benson,1,Alive,Human
238,Mr. Booby Buyer,1,Alive,Mythological Creature
239,Mr. Goldenfold,4,Alive,Cronenberg
240,Mr. Goldenfold,10,Alive,Human
241,Mr. Marklovitz,2,Alive,Human
242,Mr. Meeseeks,5,unknown,Humanoid
243,Mr. Needful,1,Alive,Humanoid
244,Mr. Poopybutthole,7,Alive,Poopybutthole
245,Mrs. Lipkip,1,Alive,Human
246,Mrs. Pancakes,2,Alive,Human
247,Amy Poopybutthole,1,Alive,Poopybutthole
248,Mrs. Refrigerator,1,Dead,Alien
249,Mrs. Sanchez,4,unknown,Human
250,Mrs. Sullivan,1,Dead,Human
251,Nancy,6,Alive,Human
252,Noob-Noob,1,Alive,Poopybutthole
253,Numbericon,1,unknown,Alien
254,Octopus Man,1,Alive,Humanoid
255,Orthodox Jew,1,Alive,Human
256,Pat Gueterman,1,Dead,Robot
257,Paul Fleishman,1,Alive,Human
258,Pawnshop Clerk,1,Alive,Alien
259,Pencilvester,1,Dead,Alien
260,Phillip Jacobs,1,Alive,Human
261,Photography Cyborg,1,unknown,Robot
262,Photography Raptor,1,Dead,Alien
263,Pibbles Bodyguard,1,Alive,Alien
264,Pichael Thompson,1,Alive,Humanoid
265,Pickle Rick,1,Alive,unknown
266,Piece of Toast,2,Alive,unknown
267,Plumber Rick,1,Alive,Human
268,Poncho,1,Dead,Human
269,Presidentress of The Mega Gargantuans,1,Alive,Humanoid
270,Prince Nebulon,1,Dead,Alien
271,Principal Vagina,3,Alive,Cronenberg
272,Principal Vagina,6,Alive,Human
273,Purge Planet Ruler,1,Dead,Alien
274,Quantum Rick,3,unknown,Human
275,Randy Dicknose,1,Alive,Human
276,Rat Boss,1,Dead,Animal
277,Real Fake Doors Salesman,1,Alive,Human
278,Regional Manager Rick,1,Dead,Human
279,Regular Legs,1,Alive,Human
280,Reverse Giraffe,1,Dead,Alien
281,Reverse Rick Outrage,1,Dead,Human
282,Revolio Clockberg Jr.,3,unknown,Alien
283,Rick D. Sanchez III,1,Dead,Human
284,Rick Guilt Rick,1,unknown,Human
285,Rick Prime,2,Dead,Human
286,Rick D-99,1,Dead,Human
287,Rick D716,1,Dead,Human
288,Rick D716-B,1,Alive,Human
289,Rick D716-C,1,Alive,Human
290,Rick Sanchez,1,Dead,Human
291,Rick J-22,1,Alive,Human
292,Rick K-22,1,Alive,Human
293,Rick Sanchez,1,Dead,Human
294,Ricktiminus Sancheziminius,3,Dead,Human
295,Riq IV,3,Dead,Human
296,Risotto Groupon,1,Dead,Alien
297,Risotto's Tentacled Henchman,1,Dead,Alien
298,Robot Morty,1,unknown,Robot
299,Robot Rick,1,unknown,Robot
300,Roger,1,Dead,Human
301,Ron Benson,1,Alive,Alien
302,Ruben,1,Dead,Human
303,Samantha,1,Alive,Human
304,Scary Brandon,1,Alive,Mythological Creature
305,Scary Glenn,1,Alive,Mythological Creature
306,Scary Terry,1,Alive,Mythological Creature
307,Scroopy Noopers,1,Alive,Alien
308,Scropon,2,unknown,Alien
309,Scrotian,4,Alive,Animal
310,Self-Congratulatory Jerry,1,unknown,Mythological Creature
311,Shimshamian,3,Alive,Alien
312,Shlaammi,1,Alive,Alien
313,Shleemypants,2,Alive,unknown
314,Shmlamantha Shmlicelli,1,Alive,Human
315,Shmlangela Shmlobinson-Shmlower,1,Alive,Human
316,Shmlona Shmlobinson,1,Alive,Human
317,Shmlonathan Shmlower,1,Alive,Human
318,Shmlony Shmlicelli,1,Alive,Human
319,Shmooglite Runner,1,unknown,Alien
320,Shnoopy Bloopers,1,unknown,Alien
321,Shrimply Pibbles,1,Alive,Alien
322,Simple Rick,1,Dead,Human
323,Slaveowner,1,Dead,Human
324,Sleepy Gary,1,Dead,Alien
325,Slick Morty,1,Dead,Human
326,Slippery Stair,2,Alive,Mythological Creature
327,Slow Mobius,1,Alive,Humanoid
328,Slow Rick,1,Alive,Human
329,Snuffles (Snowball),8,Alive,Animal
330,Solicitor Rick,2,unknown,Human
331,Squanchy,3,unknown,Alien
332,Stacy,1,Alive,Human
333,Stair Goblin,3,Alive,Mythological Creature
334,Stealy,1,Alive,Poopybutthole
335,Steve,1,Alive,Human
336,Steven Phillips,1,Alive,Alien
337,Stu,1,Dead,Alien
338,Summer Smith,7,Alive,Human
339,Summer Smith,1,Alive,Human
340,Supernova,1,Alive,Human
341,Taddy Mason,1,Alive,Human
342,Taint Washer,1,Alive,Human
343,Tammy Guetermann,2,Alive,Cronenberg
344,Tammy Guetermann,5,Dead,Human
345,Teacher Rick,1,Alive,Human
346,Terry,1,unknown,Human
347,President Curtis,5,Alive,Human
348,The President of the Miniverse,1,Dead,Humanoid
349,The Scientist Formerly Known as Rick,1,Dead,Human
350,Thomas Lipkip,1,unknown,Human
351,Three Unknown Things,1,Alive,Alien
352,Tinkles,1,Dead,Alien
353,Tiny Rick,1,Dead,Human
354,Toby Matthews,1,Alive,Human
355,Todd Crystal,1,Alive,Alien
356,Tom Randolph,1,Alive,Human
357,Tommy's Clone,1,Alive,Human
358,Tophat Jones,3,Dead,Mythological Creature
359,Tortured Morty,1,unknown,Human
360,Toxic Morty,1,Dead,Humanoid
361,Toxic Rick,1,Dead,Humanoid
362,Traflorkian,5,Alive,Alien
363,Trandor,1,Alive,Alien
364,Tree Person,1,Dead,Humanoid
365,Tricia Lange,5,Alive,Human
366,Trunk Morty,1,Alive,Humanoid
367,Trunk Man,2,Alive,Humanoid
368,Truth Tortoise,1,unknown,Mythological Creature
369,Tusked Assassin,1,unknown,Alien
370,Two Guys with Handlebar Mustaches,1,Alive,Human
371,Tumblorkian,1,Alive,Alien
372,Unity,1,Alive,Alien
373,Unmuscular Michael,1,Alive,Human
374,Vampire Master,1,Alive,Mythological Creature
375,Vance Maximus,1,Dead,Human
376,Veronica Ann Bennet,1,Alive,Alien
377,Voltematron,1,Dead,Alien
378,Wall Crawling Rick,1,unknown,Humanoid
379,Wedding Bartender,1,unknown,Alien
380,Unknown Rick,2,unknown,Human
381,Woman Rick,1,Alive,Alien
382,Worldender,1,Dead,Alien
383,Yaarb,1,Alive,Alien
384,Yellow Headed Doctor,1,Alive,Alien
385,Yellow Shirt Rick,1,unknown,Human
386,Zarbadar Gloonch,2,Dead,Alien
387,Zarbadar's Mytholog,1,unknown,Mythological Creature
388,Zeep Xanflorp,1,Alive,Humanoid
389,Zeta Alpha Rick,4,Dead,Human
390,Zick Zack,1,Dead,Alien
391,Uncle Steve,1,Dead,Alien
392,Bearded Morty,2,Alive,Human
393,Roy,1,Alive,Human
394,Davin,2,Dead,Cronenberg
395,Greebybobe,4,Alive,Alien
396,Scary Teacher,1,Alive,Mythological Creature
397,Fido,1,Alive,Animal
398,Accountant dog,1,Alive,Animal
399,Tiny-persons advocacy group lawyer,1,Alive,Mythological Creature
400,Giant Judge,1,Alive,Mythological Creature
401,Morty Jr's interviewer,1,Alive,Human
402,Guy from The Bachelor,1,Alive,Human
403,Corn detective,1,Dead,Humanoid
404,Michael Jackson,1,Alive,Humanoid
405,Trunkphobic suspenders guy,4,Alive,Human
406,Spiderweb teddy bear,1,Alive,Animal
407,Regular Tyrion Lannister,1,Alive,Human
408,Quick Mystery Presenter,1,Alive,Human
409,Mr. Sneezy,1,Alive,Human
410,Two Brothers,1,Alive,Human
411,Alien Mexican Armada,1,unknown,Alien
412,Giant Cat Monster,1,unknown,Animal
413,Old Women,1,unknown,Human
414,Trunkphobic guy,1,Alive,Human
415,Pro trunk people marriage guy,1,Alive,Human
416,Muscular Mannie,1,Alive,Human
417,Baby Legs Chief,1,Alive,Human
418,Mrs. Sullivan's Boyfriend,1,Alive,Human
419,Plutonian Hostess,1,Alive,Alien
420,Plutonian Host,1,Alive,Alien
421,Rich Plutonian,1,Alive,Alien
422,Rich Plutonian,1,Alive,Alien
423,Synthetic Laser Eels,1,Alive,Animal
424,Pizza-person,1,Alive,Humanoid
425,Pizza-person,1,Alive,Humanoid
426,Greasy Grandma,1,Alive,Human
427,Phone-person,1,Alive,Humanoid
428,Phone-person,1,Alive,Humanoid
429,Chair-person,1,Alive,Humanoid
430,Chair-person,1,Alive,Humanoid
431,Chair-homeless,1,Alive,Humanoid
432,Chair-waiter,1,Alive,Humanoid
433,Doopidoo,1,Alive,Animal
434,Super Weird Rick,1,unknown,Human
435,Pripudlian,4,Alive,Alien
436,Giant Testicle Monster,2,Alive,Alien
437,Michael,1,Alive,Human
438,Michael's Lawyer,1,Alive,Human
439,Veterinary,1,Alive,Human
440,Veterinary Nurse,1,Alive,Human
441,Bearded Jerry,1,Alive,Human
442,Shaved Head Jerry,1,Alive,Human
443,Tank Top Jerry,1,Alive,Human
444,Pink Polo Shirt Jerry,1,Alive,Human
445,Jerryboree Keeper,1,Alive,Alien
446,Jerryboree Receptionist,1,Alive,Alien
447,Anchor Gear,1,Alive,Alien
448,Gear Cop,1,Dead,Alien
449,Roy's Mum,1,Alive,Human
450,Roy's Wife,1,Alive,Human
451,Roy's Son,1,Alive,Human
452,Simon,1,Alive,Human
453,Vampire Master's Assistant,1,Alive,Mythological Creature
454,Arbolian Mentirososian,3,Alive,Alien
455,St. Gloopy Noops Nurse,1,Alive,Alien
456,Nano Doctor,1,Alive,Alien
457,Funny Songs Presenter,1,Alive,Human
458,Tax Attorney,1,unknown,Human
459,Butthole Ice Cream Guy,1,Alive,Alien
460,Traflorkian Journalist,1,Alive,Alien
461,Communication's Responsible Rick,1,Dead,Human
462,Teleportation's Responsible Rick,1,unknown,Human
463,SEAL Team Rick,1,Dead,Human
464,SEAL Team Rick,1,Dead,Human
465,SEAL Team Rick,1,Dead,Human
466,SEAL Team Rick,1,Dead,Human
467,Morphizer-XE Customer Support,1,Alive,Alien
468,Morphizer-XE Customer Support,1,Alive,Alien
469,Morphizer-XE Customer Support,1,unknown,Alien
470,Alien Spa Employee,1,Alive,Alien
471,Little Voltron,1,Alive,Robot
472,Baby Rick,1,Alive,Human
473,Bartender Morty,1,Alive,Human
474,Dancer Cowboy Morty,1,Alive,Human
475,Dancer Morty,1,Alive,Human
476,Flower Morty,1,Alive,Human
477,Hairdresser Rick,1,Alive,Human
478,Journalist Rick,1,Alive,Human
479,Private Sector Rick,1,Dead,Human
480,Purple Morty,1,Alive,Alien
481,Retired General Rick,1,unknown,Human
482,Secret Service Rick,1,Alive,Human
483,Steve Jobs Rick,1,Alive,Human
484,Sheik Rick,1,Dead,Human
485,Modern Rick,1,Alive,Human
486,Tan Rick,1,Dead,Human
487,Visor Rick,1,Dead,Human
488,Colonial Rick,1,Dead,Human
489,P-Coat Rick,1,Dead,Human
490,Chang,1,Alive,Human
491,Dr. Eleanor Arroway,1,Alive,Human
492,Varrix,1,Alive,Alien
493,Secretary of the Interior,1,Alive,Human
494,Crystal Poacher,1,Dead,Alien
495,Crystal Poacher,1,Dead,Alien
496,Crystal Poacher,1,Dead,Alien
497,Hologram Rick,1,Dead,Humanoid
498,Fascist Rick,1,Dead,Human
499,Fascist Morty,1,Dead,Human
500,Fascist Mr. President,1,Alive,Human
501,Fascist Rick’s Clone,1,Dead,Human
502,Revolio Clockberg Jr.,1,Dead,Alien
503,Fascist Shrimp Rick,1,Alive,Animal
504,Fascist Shrimp Rick’s Clone,1,Dead,Animal
505,Fascist Shrimp Morty,1,Alive,Animal
506,Fascist Shrimp SS,1,Alive,Animal
507,Fascist Teddy Bear Rick,1,Alive,Animal
508,Fascist Teddy Bear Rick’s Clone,1,Dead,Animal
509,Bully,1,unknown,Human
510,Anchorman,1,Alive,Human
511,Anchorwoman,1,Alive,Human
512,Morty’s Lawyer,1,Alive,Human
513,Judge,1,Dead,Human
514,Public Opinion Judge,1,Alive,Human
515,Caterpillar Mr. Goldenfold,1,Dead,Animal
516,Wasp Rick,1,Alive,Animal
517,Wasp Rick’s Clone,1,unknown,Animal
518,Wasp Morty,1,Alive,Animal
519,Wasp Summer,1,Alive,Animal
520,Wasp Jerry,1,Alive,Animal
521,Wasp Beth,1,Alive,Animal
522,Caterpillar Mr. Goldenfold’s Larvae,1,Dead,Animal
523,Boglin,1,unknown,unknown
524,Kirkland Brand Mr. Meeseeks,1,unknown,Humanoid
525,Glootie,1,Alive,Alien
526,Danny Publitz,1,Alive,Human
527,Mothership Intern,1,Alive,Alien
528,Monogatron Leader,1,Alive,Alien
529,Lizard,1,Dead,Alien
530,Deliverance,1,Dead,Robot
531,Tony,1,Dead,Alien
532,Tony’s Wife,1,Dead,Alien
533,Monogatron Queen,1,Alive,Alien
534,Tony's Dad,1,Alive,Alien
535,Jeff,1,Alive,Human
536,Josiah,1,Alive,Human
537,Maggie,1,Alive,Human
538,Priest Witherspoon,1,Alive,Human
539,Richard,1,Alive,Human
540,Running Bird,1,Alive,Human
541,Secretary at Tony's,1,Alive,Alien
542,Mountain Sweat Jerry,1,Alive,Human
543,Vermigurber,1,Alive,Alien
544,Miles Knightly,1,Dead,Alien
545,Heist-Con Receptionist,1,Alive,Alien
546,Angie Flint,1,Alive,Human
547,Glar,1,Alive,Alien
548,Truckula,1,Alive,Mythological Creature
549,Snake Arms,1,Alive,Alien
550,Double Microwawe,1,Alive,Humanoid
551,Monitor Lord,1,Alive,Alien
552,Key Catcher,1,Alive,Alien
553,The Shapeshiftress,1,Alive,Alien
554,Heistotron,1,Dead,Robot
555,Randotron,1,Dead,Robot
556,Hephaestus,1,Alive,Mythological Creature
557,Ventriloquiver,1,Alive,Humanoid
558,Elon Tusk,1,Alive,Human
559,Gramuflackian Anchorman,1,Dead,Alien
560,Gramuflackian General,1,Dead,Alien
561,Netflix Executive,1,Alive,Human
562,Balthromaw,1,Alive,Mythological Creature
563,The Wizard,1,Dead,Human
564,Talking Cat,1,Alive,Animal
565,Debrah,1,Alive,Mythological Creature
566,Debrah’s Partner,1,Alive,Mythological Creature
567,Michael,1,Alive,Mythological Creature
568,Slut Dragon,1,Alive,Mythological Creature
569,Shadow Jacker,1,Alive,Mythological Creature
570,Chachi,1,Dead,Alien
571,Slippy,1,Alive,Animal
572,Robot Snake,1,unknown,Robot
573,Snake Hitler,1,Dead,Animal
574,Snake Lincoln,1,Dead,Animal
575,Snake Resistance Robot,1,Dead,Robot
576,Snake Linguist,1,unknown,Animal
577,Snake Terminator,1,unknown,Robot
578,Snake Soldier,1,Alive,Animal
579,Snake with Legs,1,Alive,Animal
580,Secret Service Snake,1,Alive,Animal
581,Anchosnake,1,Alive,Animal
582,Anchosnake,1,Alive,Animal
583,80's snake,1,unknown,Animal
584,Bar Customer,1,Alive,Human
585,Bartender,1,Alive,Human
586,PC Basketball Player,1,Alive,Human
587,Cavesnake,1,Dead,Animal
588,Pet Shop Employee,1,Alive,Human
589,Snake Reporter,1,Alive,Animal
590,High Pilot,1,unknown,Human
591,High Pilot,1,unknown,Human
592,Phoenixperson,3,Dead,Alien
593,Tickets Please Guy,1,Dead,Human
594,Floaty Bloody Man,1,Dead,Human
595,Floaty Non-Gasm Brotherhood Member,1,Dead,Alien
596,Floaty Non-Gasm Brotherhood Member Friend,1,Dead,Alien
597,Abradolf Lincler,1,Alive,Human
598,Biblesaurus,1,Alive,Animal
599,Birdperson,1,Alive,Alien
600,Cats Fan,1,Alive,Alien
601,Christmas Storyteller,1,Alive,Alien
602,Cookies Guy,1,Alive,Human
603,Crossy,1,Alive,unknown
604,Female Scorpion,1,Dead,Animal
605,Floaty Bloody Man’s Daughter,1,Dead,Human
606,Goomby,1,Alive,Alien
607,Hairspray Fan,1,Alive,Alien
608,Jesus Christ,1,Alive,Human
609,Josh,1,Dead,Human
610,Josh's Sister,1,Dead,Human
611,Leah,1,Alive,unknown
612,Marcus,1,Alive,Human
613,Mike Johnson,1,Alive,Human
614,Mr. Celery & Friends,1,Alive,unknown
615,Musical Fan,1,Alive,Alien
616,Phantom of the Opera Fan,1,Alive,Alien
617,Phoenixperson,1,Alive,Alien
618,Private Smith,1,unknown,Human
619,Professor Sanchez,1,Dead,Human
620,Ramamama Lord,1,Alive,Human
621,Ruth Bader Ginsburg,1,Alive,Human
622,Sarge,1,Alive,Human
623,Shrek The Musical Fan,1,Alive,Alien
624,Snuffles,1,Alive,Animal
625,Storylord,1,Alive,Human
626,Tammy Guetermann,1,Alive,Human
627,The Concept of Time,1,Alive,unknown
628,Beth Smith,1,Alive,Human
629,Summer Smith,1,Alive,Human
630,Morty Smith,1,Alive,Human
631,Rick Sanchez,1,Alive,Human
632,Train Cop,1,Dead,Human
633,Train Cops,1,Alive,Human
634,Train Cops Instructor,1,Dead,Human
635,Darth Poopybutthole,1,Alive,Poopybutthole
636,Evil Morty,1,Alive,Human
637,Morty’s Disguise,1,Alive,Human
638,Rick’s Disguise,1,Alive,Human
639,Uncle Nibbles,1,Dead,Alien
640,Angry Glorzo,1,Dead,Alien
641,Bruce,1,Dead,Alien
642,Council of Glorzos Member,1,Dead,Alien
643,Council of Glorzos Member,1,Dead,Alien
644,Old Glorzo,1,Dead,Alien
645,Shane,1,unknown,Alien
646,Steve,1,Dead,Alien
647,Troy,1,Dead,Alien
648,Crystal Dealers Boss,1,Dead,Alien
649,Crystal Dealer,1,Dead,Alien
650,Crystal Dealer,1,Dead,Alien
651,Crystal Dealer,1,Dead,Alien
652,SWAT Officer,1,Dead,Human
653,Plane Crash Survivor,1,unknown,Human
654,Plane Crash Survivor,1,unknown,Human
655,Heroine Keith,1,Alive,Human
656,Impervious to Acid SWAT Officer,1,Dead,Human
657,Johnny Carson,1,Alive,Human
658,Sonia Sotomayor,1,Alive,Human
659,Morty’s Father-in-law,1,Alive,Human
660,Morty’s Mother-in-law,1,Alive,Human
661,Morty’s Girlfriend,1,Alive,Human
662,Gaia,1,Alive,unknown
663,Reggie,1,Dead,Mythological Creature
664,Ticktock,1,unknown,Humanoid
665,Florflock,1,Alive,Humanoid
666,Squeeb,1,Alive,Humanoid
667,Defiance Beth,2,Alive,Human
668,Defiance Squanchette,1,Alive,Alien
669,Defiance Doctor,1,Alive,Alien
670,New Improved Galactic Federation Guard,1,Dead,Alien
671,New Improved Galactic Federation Guard,1,Dead,Alien
672,Mr. Nimbus,1,Alive,Mythological Creature
673,Hoovy,1,Dead,Humanoid
674,Bova,1,Dead,Humanoid
675,Japheth,1,Dead,Humanoid
676,Japheth's Middle Son,1,Dead,Humanoid
677,Japheth's Eldest Son,1,Dead,Humanoid
678,Japheth's Youngest Son,1,Dead,Humanoid
679,Japheth's Grandson,1,Dead,Humanoid
680,Adam,1,Dead,Humanoid
681,Adam's Mother,1,Dead,Humanoid
682,Warlock,1,Dead,Humanoid
683,Evolved Narnian,1,Alive,Humanoid
684,Mr. Nimbus Secretary,1,Alive,Animal
685,Evolved Narnian Disguised as Morty,1,Alive,Humanoid
686,Mr. Nimbus' Squid,1,Dead,Animal
687,Scarecrow Rick,1,Dead,Robot
688,Scarecrow Summer,1,Dead,Robot
689,Scarecrow Jerry,1,Dead,Robot
690,Scarecrow Morty,1,Dead,Robot
691,Scarecrow Beth,1,Dead,Robot
692,Glockenspiel Jerry,1,Alive,Robot
693,Glockenspiel Beth,1,Dead,Robot
694,Glockenspiel Rick,1,Dead,Robot
695,Glockenspiel Summer,1,Dead,Robot
696,Glockenspiel Morty,1,Dead,Robot
697,Wicker Beth,1,Dead,Robot
698,Wicker Rick,1,Dead,Robot
699,Wicker Morty,1,Dead,Robot
700,Wicker Summer,1,Dead,Robot
701,Metal Rick,1,Dead,Robot
702,Gun Brain Rick,1,Dead,Robot
703,Mr. Always Wants to be Hunted,1,Alive,Poopybutthole
704,Squid Costume Beth,1,Dead,Robot
705,Squid Costume Jerry,1,Dead,Robot
706,Squid Costume Morty,1,Dead,Robot
707,Squid Costume Rick,1,Dead,Robot
708,Squid Costume Summer,1,Dead,Robot
709,Dracula,1,Alive,Mythological Creature
710,Steve,1,Alive,Human
711,When Wolf,1,Alive,Mythological Creature
712,Too Cute to Murder Beth,1,Dead,Robot
713,Too Cute to Murder Rick,1,Dead,Robot
714,Too Cute to Murder Jerry,1,Dead,Robot
715,Too Cute to Murder Morty,1,Dead,Robot
716,Too Cute to Murder Summer,1,Dead,Robot
717,Planetina,1,Alive,Humanoid
718,Daphne,1,Alive,Alien
719,Diesel Weasel,1,Alive,Animal
720,Eddie,1,Dead,Human
721,Xing Ho,1,Dead,Human
722,Air Tina-Teer,1,Dead,Human
723,Water Tina-Teer,1,Dead,Human
724,Planetina Buyer,1,Dead,Human
725,Tony Galopagus,1,Alive,Human
726,Sticky,1,Alive,unknown
727,Professor Shabooboo,1,Dead,Human
728,Sperm Queen,1,Dead,unknown
729,CHUD King,1,Alive,Animal
730,Princess Ponietta,1,Alive,Animal
731,Naruto Smith,2,Alive,Humanoid
732,Blazen,1,Dead,Human
733,Kathy Ireland,1,Alive,Human
734,Amazing Johnathan,1,Alive,Human
735,Foal Sanchez,1,Alive,Humanoid
736,Spaceman,1,Dead,Human
737,Cirque du Soleil Zumanity Member,1,Alive,Human
738,Cirque du Soleil Zumanity Member,1,Alive,Human
739,Cirque du Soleil Zumanity Member,1,Alive,Human
740,Cirque du Soleil Zumanity Member,1,Dead,Human
741,Cirque du Soleil Zumanity Member,1,Alive,Human
742,Bruce Chutback,1,Alive,Human
743,Alyson Hannigan,1,Dead,Alien
744,Cenobite,1,unknown,Mythological Creature
745,Cenobite,1,unknown,Mythological Creature
746,Cenobite,1,unknown,Mythological Creature
747,Cenobite,1,unknown,Mythological Creature
748,Cenobite,1,unknown,Mythological Creature
749,Coat Rack Head,1,unknown,Mythological Creature
750,Mousetrap Nipples,1,unknown,Mythological Creature
751,Changeformer,1,Dead,Robot
752,Changeformer,1,Dead,Robot
753,Space Cruiser,2,Alive,Robot
754,Coop,1,Alive,Human
755,Dwayne,1,Alive,Human
756,Franklin D. Roosevelt,1,Dead,Humanoid
757,President's General,2,Alive,Human
758,Giant Assassin Hidden in the Statue of Liberty,1,Alive,Robot
759,Turkey Morty,1,Alive,Animal
760,Turkey Rick,1,Alive,Animal
761,Turkey President Curtis,1,Alive,Animal
762,Martínez,1,Dead,Animal
763,Marvin,1,Alive,Human
764,Jackey,1,Alive,Human
765,Native Alien,1,Alive,Alien
766,Pilgrim Alien,1,Alive,Alien
767,President Turkey,1,Dead,Humanoid
768,Mary-Lou,1,Alive,Human
769,Big Fat rick,1,unknown,Human
770,Hothead Rick,1,Dead,Human
771,Ricardo Montoya,1,unknown,Human
772,Wrap-it-up Little Rick,1,Dead,Human
773,Yo-yo Rick,1,unknown,Human
774,Voiceoverian,1,Dead,Alien
775,Voiceoverian,1,Dead,Alien
776,Gotron Pilot,1,Dead,Human
777,Gotron Pilot,1,Dead,Human
778,Gotron Pilot,1,Dead,Human
779,Young Memory Rick,1,Alive,Human
780,Memory Tammy,1,Dead,Human
781,Rick's Garage,1,Alive,Robot
782,Memory Squanchy,1,Dead,Alien
783,Memory Rick,1,Dead,Human
784,Memory Rick,1,Dead,Human
785,Memory Geardude,1,Dead,Alien
786,Birdperson & Tammy's Child,1,Alive,Humanoid
787,Two Crows,2,Alive,Animal
788,Mr. Cookie President,1,Alive,Alien
789,Nick,1,Dead,Human
790,Harold (Garbage Goober),1,Alive,Alien
791,Harold's Wife,1,Alive,Alien
792,Alien Crow,1,Dead,Alien
793,Alien Crow,1,Dead,Alien
794,Samansky,1,Dead,Alien
795,Palicki,1,Alive,Alien
796,Sarge,1,Alive,Alien
797,Slartivartian,1,Dead,Alien
798,Ferkusian,1,Alive,Alien
799,Morglutzian,1,Dead,Alien
800,Super Turkey,1,Dead,Humanoid
801,7+7 Years Old Morty,1,unknown,Human
802,26 Years Old Morty,1,Dead,Human
803,40 Years Old Morty,1,unknown,Human
804,Andy,1,unknown,Human
805,Baby Mouse Skin Morty,1,Alive,Human
806,Metaphor for Capitalism,1,Dead,Humanoid
807,Beth Sanchez,1,Dead,Human
808,Crow Scare,1,Alive,Humanoid
809,Pussifer,1,Dead,Animal
810,Stan Lee Rick,1,unknown,Human
811,Re-Build-a-Morty Morty,1,unknown,Human
812,Deformed Morty,1,Dead,Humanoid
813,Crow Horse,1,Alive,Robot
814,Bald Rick,1,Dead,Human
815,Punk Rick,1,Dead,Human
816,Party Rick,1,Dead,Human
817,Scar Rick,1,Dead,Human
818,Long Hair Rick,1,unknown,Human
819,Redhead Rick,1,Dead,Human
820,Redhead Morty,1,Dead,Human
821,Gotron,1,unknown,Robot
822,Young Jerry,1,unknown,Human
823,Young Beth,1,unknown,Human
824,Young Beth,1,unknown,Human
825,Young Jerry,1,unknown,Human
826,Butter Robot,1,Alive,Robot
